DIA;HORAS_TOTALES_USOS_BICICLETAS;HORAS_TOTALES_DISPONIBILIDAD_BICICLETAS_EN_ANCLAJES;TOTAL_HORAS_SERVICIO_BICICLETAS;MEDIA_BICICLETAS_DISPONIBLES;USOS_ABONADO_ANUAL;USOS_ABONADO_OCASIONAL;TOTAL_USOS
10/08/2015;3.991,13;19.894,18;23.885,31;995,22;7.986;189;8.175
11/08/2015;4.364,40;19.817,30;24.181,70;1.007,57;8.750;191;8.941
12/08/2015;4.633,72;19.725,32;24.359,04;1.014,96;9.132;251;9.383
13/08/2015;4.498,85;19.530,97;24.029,82;1.001,24;8.935;236;9.171
14/08/2015;4.309,22;22.770,43;27.079,65;1.128,32;8.165;231;8.396
15/08/2015;4.156,77;21.431,75;25.588,52;1.066,19;7.000;297;7.297
16/08/2015;3.921,48;19.269,10;23.190,58;966,27;6.770;336;7.106
17/08/2015;4.139,10;18.910,27;23.049,37;960,39;8.340;200;8.540
18/08/2015;4.130,08;19.764,92;23.895,00;995,63;8.790;269;9.059
19/08/2015;4.298,80;20.216,48;24.515,28;1.021,47;8.910;227;9.137
20/08/2015;4.429,10;20.311,57;24.740,67;1.030,86;9.327;292;9.619
21/08/2015;4.288,75;21.897,31;26.186,06;1.091,09;8.737;306;9.043
22/08/2015;4.247,52;21.262,88;25.510,40;1.062,93;7.668;475;8.143
23/08/2015;4.500,27;18.054,25;22.554,52;939,77;7.911;469;8.380
24/08/2015;4.089,20;19.661,07;23.750,27;989,59;8.635;223;8.858
25/08/2015;4.406,80;19.250,90;23.657,70;985,74;9.397;212;9.609
26/08/2015;4.727,38;18.599,57;23.326,95;971,96;10.135;197;10.332
27/08/2015;4.786,27;18.617,77;23.404,04;975,17;10.421;189;10.610
28/08/2015;4.808,35;19.826,72;24.635,07;1.026,46;10.309;245;10.554
29/08/2015;4.902,48;18.933,37;23.835,85;993,16;9.433;400;9.833
30/08/2015;4.264,58;16.590,13;20.854,71;868,95;8.013;309;8.322
31/08/2015;4.193,65;17.616,37;21.810,02;908,75;9.601;142;9.743
01/09/2015;4.862,37;15.893,35;20.755,72;864,82;11.133;162;11.295
02/09/2015;5.299,17;15.529,33;20.828,50;867,85;11.942;158;12.100
03/09/2015;5.577,73;15.865,73;21.443,46;893,48;12.919;171;13.090
04/09/2015;5.399,38;17.933,35;23.332,73;972,2;12.253;177;12.430
05/09/2015;5.619,78;16.950,61;22.570,39;940,43;10.598;454;11.052
06/09/2015;6.045,88;14.331,35;20.377,23;849,05;10.629;561;11.190
07/09/2015;5.006,28;16.303,12;21.309,40;887,89;10.560;226;10.786
08/09/2015;5.602,02;16.734,39;22.336,41;930,68;12.315;194;12.509
09/09/2015;5.851,15;17.181,96;23.033,11;959,71;12.863;184;13.047
10/09/2015;5.911,82;18.342,10;24.253,92;1.010,58;13.747;164;13.911
11/09/2015;6.347,50;20.914,70;27.262,20;1.135,93;13.558;254;13.812
12/09/2015;5.990,42;18.784,65;24.775,07;1.032,29;11.419;513;11.932
13/09/2015;5.927,62;15.314,63;21.242,25;885,09;10.391;549;10.940
14/09/2015;5.101,38;22.461,62;27.563,00;1.148,46;11.076;206;11.282
15/09/2015;4.420,27;22.451,68;26.871,95;1.119,66;10.079;106;10.185
16/09/2015;3.437,28;22.886,11;26.323,39;1.096,81;7.636;64;7.700
17/09/2015;5.186,62;25.263,18;30.449,80;1.268,74;11.823;127;11.950
18/09/2015;6.024,15;29.454,90;35.479,05;1.478,29;13.478;199;13.677
19/09/2015;6.158,48;27.091,52;33.250,00;1.385,42;12.287;328;12.615
20/09/2015;6.386,03;22.464,77;28.850,80;1.202,12;11.685;745;12.430
21/09/2015;5.225,35;26.901,23;32.126,58;1.338,61;12.068;230;12.298
22/09/2015;5.904,35;27.842,22;33.746,57;1.406,11;13.662;130;13.792
23/09/2015;5.701,05;28.433,28;34.134,33;1.422,26;13.555;198;13.753
24/09/2015;6.056,50;29.494,80;35.551,30;1.481,30;13.922;183;14.105
25/09/2015;6.405,98;31.718,06;38.124,04;1.588,50;14.976;332;15.308
26/09/2015;6.680,65;28.258,18;34.938,83;1.455,78;13.485;594;14.079
27/09/2015;6.528,42;23.754,89;30.283,31;1.261,80;12.334;714;13.048
28/09/2015;5.237,50;25.403,84;30.641,34;1.276,72;11.880;239;12.119
29/09/2015;5.341,68;33.301,37;38.643,05;1.610,13;12.505;130;12.635
30/09/2015;5.716,17;34.253,27;39.969,44;1.665,39;13.490;137;13.627
01/10/2015;5.935,95;34.877,47;40.813,42;1.700,56;13.882;198;14.080
02/10/2015;6.523,03;35.153,00;41.676,03;1.736,50;15.009;250;15.259
03/10/2015;6.574,25;33.479,02;40.053,27;1.668,89;13.645;538;14.183
04/10/2015;5.839,33;32.420,32;38.259,65;1.594,15;11.192;595;11.787
05/10/2015;4.313,95;34.913,58;39.227,53;1.634,48;9.810;165;9.975
06/10/2015;5.127,22;34.072,05;39.199,27;1.633,30;12.174;144;12.318
07/10/2015;5.479,93;35.222,43;40.702,36;1.695,93;12.292;143;12.435
08/10/2015;5.821,52;35.344,42;41.165,94;1.715,25;13.045;150;13.195
09/10/2015;6.224,43;34.555,30;40.779,73;1.699,16;13.525;241;13.766
10/10/2015;5.830,25;33.057,85;38.888,10;1.620,34;11.026;576;11.602
11/10/2015;4.809,15;33.199,30;38.008,45;1.583,69;9.000;469;9.469
12/10/2015;5.523,72;33.300,05;38.823,77;1.617,66;10.093;533;10.626
13/10/2015;3.823,90;36.037,46;39.861,36;1.660,89;8.567;104;8.671
14/10/2015;5.203,80;27.033,34;32.237,14;1.343,21;11.423;163;11.586
15/10/2015;5.442,45;36.070,35;41.512,80;1.729,70;12.340;142;12.482
16/10/2015;5.997,42;35.364,96;41.362,38;1.723,43;13.346;185;13.531
17/10/2015;5.026,05;34.026,01;39.052,06;1.627,17;9.709;321;10.030
18/10/2015;3.372,28;35.124,73;38.497,01;1.604,04;5.999;232;6.231
19/10/2015;3.779,25;36.025,45;39.804,70;1.658,53;8.612;175;8.787
20/10/2015;4.872,80;35.506,48;40.379,28;1.682,47;11.120;190;11.310
21/10/2015;4.778,00;37.004,71;41.782,71;1.740,95;11.150;163;11.313
22/10/2015;5.359,33;36.932,97;42.292,30;1.762,18;11.826;171;11.997
23/10/2015;5.601,73;35.635,76;41.237,49;1.718,23;12.461;226;12.687
24/10/2015;5.966,83;33.903,40;39.870,23;1.661,26;12.004;484;12.488
25/10/2015;6.099,83;32.751,48;38.851,31;1.618,80;11.347;495;11.842
26/10/2015;3.655,78;36.211,95;39.867,73;1.661,16;8.099;102;8.201
27/10/2015;3.995,98;36.825,25;40.821,23;1.700,88;8.748;85;8.833
28/10/2015;4.240,03;37.008,00;41.248,03;1.718,67;9.575;77;9.652
29/10/2015;4.664,17;26.469,98;31.134,15;1.297,26;10.998;127;11.125
30/10/2015;5.932,73;34.569,87;40.502,60;1.687,61;12.678;219;12.897
31/10/2015;5.667,88;33.332,77;39.000,65;1.625,03;11.295;395;11.690
01/11/2015;4.996,97;31.836,60;36.833,57;1.534,73;9.283;466;9.749
02/11/2015;2.352,30;36.163,42;38.515,72;1.604,82;4.752;69;4.821
03/11/2015;3.696,70;36.626,93;40.323,63;1.680,15;8.005;98;8.103
04/11/2015;4.061,43;36.283,50;40.344,93;1.681,04;8.794;72;8.866
05/11/2015;4.599,72;35.749,73;40.349,45;1.681,23;10.403;80;10.483
06/11/2015;5.059,20;35.850,40;40.909,60;1.704,57;11.091;161;11.252
07/11/2015;5.707,15;34.329,05;40.036,20;1.668,18;10.243;577;10.820
08/11/2015;5.206,53;34.312,80;39.519,33;1.646,64;9.357;433;9.790
09/11/2015;5.157,30;34.949,30;40.106,60;1.671,11;8.487;492;8.979
10/11/2015;4.606,07;36.991,13;41.597,20;1.733,22;10.056;172;10.228
11/11/2015;5.052,30;38.017,12;43.069,42;1.794,56;10.680;137;10.817
12/11/2015;4.939,87;38.892,38;43.832,25;1.826,34;11.019;137;11.156
13/11/2015;5.787,68;38.345,55;44.133,23;1.838,88;12.787;260;13.047
14/11/2015;5.779,75;36.420,15;42.199,90;1.758,33;11.376;393;11.769
15/11/2015;5.710,35;36.154,05;41.864,40;1.744,35;10.213;459;10.672
16/11/2015;4.412,50;39.147,01;43.559,51;1.814,98;9.545;110;9.655
17/11/2015;4.781,60;38.631,42;43.413,02;1.808,88;10.360;64;10.424
18/11/2015;4.845,47;39.322,68;44.168,15;1.840,34;10.986;73;11.059
19/11/2015;5.178,37;39.038,33;44.216,70;1.842,36;11.280;71;11.351
20/11/2015;5.681,32;38.715,63;44.396,95;1.849,87;12.149;168;12.317
21/11/2015;4.865,95;38.894,38;43.760,33;1.823,35;9.836;311;10.147
22/11/2015;4.071,48;40.685,48;44.756,96;1.864,87;7.103;206;7.309
23/11/2015;3.803,92;42.084,70;45.888,62;1.912,03;7.836;62;7.898
24/11/2015;3.943,42;42.711,44;46.654,86;1.943,95;8.593;69;8.662
25/11/2015;1.145,33;42.576,47;43.721,80;1.821,74;2.156;12;2.168
26/11/2015;4.731,08;42.792,08;47.523,16;1.980,13;10.408;97;10.505
27/11/2015;5.314,52;41.915,45;47.229,97;1.967,92;11.242;131;11.373
28/11/2015;5.293,58;40.933,23;46.226,81;1.926,12;10.296;379;10.675
29/11/2015;4.831,22;40.349,04;45.180,26;1.882,51;8.557;304;8.861
30/11/2015;4.050,65;42.516,97;46.567,62;1.940,32;8.398;70;8.468
01/12/2015;4.339,10;43.397,20;47.736,30;1.989,01;9.038;58;9.096
02/12/2015;4.357,02;43.370,78;47.727,80;1.988,66;9.340;64;9.404
03/12/2015;4.712,12;43.595,65;48.307,77;2.012,82;10.293;44;10.337
04/12/2015;4.906,65;42.316,53;47.223,18;1.967,63;10.806;105;10.911
05/12/2015;5.252,80;40.663,30;45.916,10;1.913,17;9.330;429;9.759
06/12/2015;4.746,47;40.220,95;44.967,42;1.873,64;8.348;503;8.851
07/12/2015;4.124,27;41.515,08;45.639,35;1.901,64;7.860;250;8.110
08/12/2015;4.118,78;41.180,95;45.299,73;1.887,49;7.519;345;7.864
09/12/2015;4.126,68;42.391,42;46.518,10;1.938,25;9.109;82;9.191
10/12/2015;4.343,47;43.811,63;48.155,10;2.006,46;9.840;50;9.890
11/12/2015;5.036,63;43.789,97;48.826,60;2.034,44;11.144;127;11.271
12/12/2015;4.563,30;42.355,23;46.918,53;1.954,94;9.687;218;9.905
13/12/2015;4.266,52;41.308,45;45.574,97;1.898,96;8.502;200;8.702
14/12/2015;3.478,25;43.926,27;47.404,52;1.975,19;7.796;77;7.873
15/12/2015;3.888,93;44.130,29;48.019,22;2.000,80;9.469;82;9.551
16/12/2015;3.419,18;43.598,37;47.017,55;1.959,06;8.192;53;8.245
17/12/2015;4.254,32;44.131,20;48.385,52;2.016,06;10.347;139;10.486
18/12/2015;4.602,87;43.126,65;47.729,52;1.988,73;10.936;109;11.045
19/12/2015;4.733,43;42.068,00;46.801,43;1.950,06;10.060;280;10.340
20/12/2015;3.894,70;42.720,48;46.615,18;1.942,30;8.358;177;8.535
21/12/2015;3.625,50;44.007,20;47.632,70;1.984,70;8.657;152;8.809
22/12/2015;4.056,87;42.739,65;46.796,52;1.949,86;9.316;185;9.501
23/12/2015;3.762,90;42.516,08;46.278,98;1.928,29;8.595;190;8.785
24/12/2015;2.407,17;44.013,58;46.420,75;1.934,20;4.942;128;5.070
25/12/2015;2.148,75;44.759,65;46.908,40;1.954,52;3.229;317;3.546
26/12/2015;2.666,30;44.473,03;47.139,33;1.964,14;4.831;305;5.136
27/12/2015;2.917,72;44.205,60;47.123,32;1.963,47;5.268;319;5.587
28/12/2015;2.336,37;46.912,30;49.248,67;2.052,03;4.701;168;4.869
29/12/2015;2.985,20;45.917,73;48.902,93;2.037,62;6.150;192;6.342
30/12/2015;3.139,70;46.067,73;49.207,43;2.050,31;6.758;219;6.977
31/12/2015;2.356,50;48.382,05;50.738,55;2.114,11;4.696;255;4.951
01/01/2016;2.075,67;46.371,02;48.446,69;2.018,61;3.369;289;3.658
02/01/2016;2.627,30;45.289,78;47.917,08;1.996,55;4.738;298;5.036
03/01/2016;2.174,65;45.031,35;47.206,00;1.966,92;3.919;153;4.072
04/01/2016;1.852,40;45.304,40;47.156,80;1.964,87;4.216;95;4.311
05/01/2016;3.095,53;46.245,07;49.340,60;2.055,86;6.712;144;6.856
06/01/2016;1.922,03;46.866,68;48.788,71;2.032,86;3.574;79;3.653
07/01/2016;2.683,82;46.784,78;49.468,60;2.061,19;6.638;84;6.722
08/01/2016;2.792,17;46.615,65;49.407,82;2.058,66;6.621;89;6.710
09/01/2016;2.822,30;46.712,00;49.534,30;2.063,93;6.132;126;6.258
10/01/2016;1.611,23;47.258,02;48.869,25;2.036,22;3.233;40;3.273
11/01/2016;2.290,87;47.777,98;50.068,85;2.086,20;5.910;40;5.950
12/01/2016;3.237,10;47.498,68;50.735,78;2.113,99;7.710;52;7.762
13/01/2016;3.079,40;48.160,17;51.239,57;2.134,98;8.069;58;8.127
14/01/2016;2.205,77;49.097,73;51.303,50;2.137,65;5.382;23;5.405
15/01/2016;3.137,60;48.223,05;51.360,65;2.140,03;8.043;41;8.084
16/01/2016;3.105,53;47.187,06;50.292,59;2.095,52;7.218;224;7.442
17/01/2016;2.549,33;46.346,41;48.895,74;2.037,32;5.716;161;5.877
18/01/2016;2.762,95;47.416,10;50.179,05;2.090,79;6.994;50;7.044
19/01/2016;2.914,52;46.339,61;49.254,13;2.052,26;7.652;44;7.696
20/01/2016;2.945,15;46.691,97;49.637,12;2.068,21;7.881;47;7.928
21/01/2016;3.000,23;46.397,95;49.398,18;2.058,26;7.960;42;8.002
22/01/2016;2.913,70;45.758,30;48.672,00;2.028,00;7.674;54;7.728
23/01/2016;3.716,35;44.486,98;48.203,33;2.008,47;8.196;327;8.523
24/01/2016;4.034,03;42.738,33;46.772,36;1.948,85;8.144;400;8.544
25/01/2016;3.072,85;45.449,79;48.522,64;2.021,78;8.115;100;8.215
26/01/2016;3.263,32;45.551,15;48.814,47;2.033,94;8.852;103;8.955
27/01/2016;2.964,75;46.114,55;49.079,30;2.044,97;8.284;65;8.349
28/01/2016;2.319,42;47.058,48;49.377,90;2.057,41;6.184;31;6.215
29/01/2016;2.893,37;47.374,63;50.268,00;2.094,50;7.609;52;7.661
30/01/2016;3.358,77;47.239,01;50.597,78;2.108,24;7.832;233;8.065
31/01/2016;3.486,47;44.697,17;48.183,64;2.007,65;7.424;402;7.826
01/02/2016;3.166,52;46.143,30;49.309,82;2.054,58;8.451;139;8.590
02/02/2016;3.205,12;47.342,48;50.547,60;2.106,15;8.741;115;8.856
03/02/2016;3.345,92;47.361,73;50.707,65;2.112,82;9.214;68;9.282
04/02/2016;3.308,62;48.712,85;52.021,47;2.167,56;8.992;53;9.045
05/02/2016;3.552,05;48.394,00;51.946,05;2.164,42;9.145;95;9.240
06/02/2016;2.921,25;48.129,00;51.050,25;2.127,09;6.781;202;6.983
07/02/2016;2.437,65;45.749,93;48.187,58;2.007,82;5.337;209;5.546
08/02/2016;2.713,50;47.257,23;49.970,73;2.082,11;7.387;73;7.460
09/02/2016;2.599,63;47.896,55;50.496,18;2.104,01;7.429;63;7.492
10/02/2016;3.005,90;48.512,51;51.518,41;2.146,60;8.634;38;8.672
11/02/2016;2.619,58;48.969,13;51.588,71;2.149,53;7.490;24;7.514
12/02/2016;2.113,32;51.122,93;53.236,25;2.218,18;5.129;30;5.159
13/02/2016;2.228,82;51.033,28;53.262,10;2.219,25;5.180;133;5.313
14/02/2016;1.822,30;47.224,76;49.047,06;2.043,63;4.131;88;4.219
15/02/2016;2.437,52;49.442,32;51.879,84;2.161,66;6.740;49;6.789
16/02/2016;2.591,83;49.783,65;52.375,48;2.182,31;7.308;46;7.354
17/02/2016;2.807,87;51.766,41;54.574,28;2.273,93;7.468;39;7.507
18/02/2016;2.389,78;54.270,08;56.659,86;2.360,83;6.715;24;6.739
19/02/2016;3.249,15;50.861,98;54.111,13;2.254,63;8.267;120;8.387
20/02/2016;3.350,82;48.759,00;52.109,82;2.171,24;7.314;325;7.639
21/02/2016;3.122,87;44.108,52;47.231,39;1.967,97;6.678;298;6.976
22/02/2016;2.912,58;46.801,85;49.714,43;2.071,43;7.880;98;7.978
23/02/2016;3.397,23;48.653,52;52.050,75;2.168,78;8.817;108;8.925
24/02/2016;2.576,30;49.665,85;52.242,15;2.176,76;6.957;34;6.991
25/02/2016;3.063,60;49.345,03;52.408,63;2.183,69;8.496;89;8.585
26/02/2016;1.704,28;51.353,21;53.057,49;2.210,73;4.576;22;4.598
27/02/2016;2.218,90;50.332,83;52.551,73;2.189,66;5.636;147;5.783
28/02/2016;2.082,90;48.908,31;50.991,21;2.124,63;5.274;122;5.396
29/02/2016;2.758,92;47.932,35;50.691,27;2.112,14;7.712;132;7.844
01/03/2016;3.082,42;48.359,08;51.441,50;2.143,40;8.496;103;8.599
02/03/2016;3.368,52;48.186,83;51.555,35;2.148,14;9.229;86;9.315
03/03/2016;3.368,95;48.730,82;52.099,77;2.170,82;9.351;80;9.431
04/03/2016;3.268,28;48.783,95;52.052,23;2.168,84;8.423;130;8.553
05/03/2016;2.555,23;49.520,21;52.075,44;2.169,81;6.171;148;6.319
06/03/2016;2.675,23;49.037,38;51.712,61;2.154,69;5.792;272;6.064
07/03/2016;2.260,20;48.514,61;50.774,81;2.115,62;6.217;80;6.297
08/03/2016;2.762,62;49.402,28;52.164,90;2.173,54;8.024;69;8.093
09/03/2016;2.786,53;49.204,16;51.990,69;2.166,28;8.051;65;8.116
10/03/2016;2.872,67;48.672,98;51.545,65;2.147,74;8.439;66;8.505
11/03/2016;3.185,18;49.309,75;52.494,93;2.187,29;8.943;121;9.064
12/03/2016;3.304,72;49.982,98;53.287,70;2.220,32;7.466;370;7.836
13/03/2016;3.265,28;48.721,06;51.986,34;2.166,10;6.984;387;7.371
14/03/2016;2.839,38;48.481,00;51.320,38;2.138,35;7.810;98;7.908
15/03/2016;2.996,77;49.020,00;52.016,77;2.167,37;8.752;63;8.815
16/03/2016;3.245,57;48.503,01;51.748,58;2.156,19;9.360;81;9.441
17/03/2016;3.167,35;48.593,18;51.760,53;2.156,69;9.636;124;9.760
18/03/2016;2.623,88;48.814,60;51.438,48;2.143,27;7.909;135;8.044
19/03/2016;1.717,58;50.538,50;52.256,08;2.177,34;4.456;104;4.560
20/03/2016;1.908,58;49.435,61;51.344,19;2.139,34;4.696;226;4.922
21/03/2016;1.442,63;48.041,86;49.484,49;2.061,85;4.044;63;4.107
22/03/2016;2.068,52;49.898,21;51.966,73;2.165,28;6.274;106;6.380
23/03/2016;2.024,85;49.351,08;51.375,93;2.140,66;6.111;143;6.254
24/03/2016;1.911,35;49.391,31;51.302,66;2.137,61;4.115;330;4.445
25/03/2016;1.648,98;49.792,23;51.441,21;2.143,38;3.565;377;3.942
26/03/2016;1.803,72;49.166,32;50.970,04;2.123,75;4.063;437;4.500
27/03/2016;1.954,95;47.742,45;49.697,40;2.070,73;4.476;394;4.870
28/03/2016;2.003,75;46.959,60;48.963,35;2.040,14;6.413;150;6.563
29/03/2016;2.502,50;47.709,02;50.211,52;2.092,15;8.486;138;8.624
30/03/2016;3.039,68;48.038,18;51.077,86;2.128,24;9.747;184;9.931
31/03/2016;2.538,75;48.880,28;51.419,03;2.142,46;8.665;95;8.760
01/04/2016;2.908,20;48.646,20;51.554,40;2.148,10;9.409;93;9.502
02/04/2016;3.131,93;48.245,70;51.377,63;2.140,73;8.227;354;8.581
03/04/2016;1.891,78;48.060,31;49.952,09;2.081,34;5.645;190;5.835
04/04/2016;759,88;48.222,43;48.982,31;2.040,93;2.161;8;2.169
05/04/2016;2.618,15;48.122,25;50.740,40;2.114,18;8.908;123;9.031
06/04/2016;2.988,48;47.610,80;50.599,28;2.108,30;9.898;88;9.986
07/04/2016;3.250,88;47.652,97;50.903,85;2.120,99;10.543;132;10.675
08/04/2016;3.141,62;47.263,50;50.405,12;2.100,21;9.941;177;10.118
09/04/2016;3.242,23;47.998,16;51.240,39;2.135,02;8.593;434;9.027
10/04/2016;1.854,32;48.803,40;50.657,72;2.110,74;5.361;152;5.513
11/04/2016;1.432,77;47.788,56;49.221,33;2.050,89;4.822;59;4.881
12/04/2016;1.233,47;50.173,13;51.406,60;2.141,94;4.183;40;4.223
13/04/2016;2.586,12;48.473,57;51.059,69;2.127,49;8.923;90;9.013
14/04/2016;3.015,05;47.735,35;50.750,40;2.114,60;9.802;101;9.903
15/04/2016;2.921,75;47.647,18;50.568,93;2.107,04;9.310;188;9.498
16/04/2016;1.361,10;49.200,12;50.561,22;2.106,72;4.032;61;4.093
17/04/2016;3.246,38;45.820,41;49.066,79;2.044,45;7.772;487;8.259
18/04/2016;2.985,52;45.163,48;48.149,00;2.006,21;9.459;246;9.705
19/04/2016;1.579,82;47.242,00;48.821,82;2.034,24;5.441;43;5.484
20/04/2016;1.668,45;47.006,67;48.675,12;2.028,13;5.320;30;5.350
21/04/2016;2.904,23;46.184,30;49.088,53;2.045,36;9.362;144;9.506
22/04/2016;2.817,93;46.552,18;49.370,11;2.057,09;9.168;169;9.337
23/04/2016;2.459,80;46.140,23;48.600,03;2.025,00;7.012;292;7.304
24/04/2016;3.377,62;42.594,33;45.971,95;1.915,50;8.065;553;8.618
25/04/2016;2.990,43;45.765,05;48.755,48;2.031,48;9.355;157;9.512
26/04/2016;3.181,92;46.713,18;49.895,10;2.078,96;10.328;104;10.432
27/04/2016;3.074,38;46.514,58;49.588,96;2.066,21;10.320;128;10.448
28/04/2016;3.009,25;46.483,77;49.493,02;2.062,21;9.859;142;10.001
29/04/2016;3.026,72;45.935,75;48.962,47;2.040,10;9.532;221;9.753
30/04/2016;2.956,97;45.355,68;48.312,65;2.013,03;6.956;511;7.467
01/05/2016;2.646,77;44.579,71;47.226,48;1.967,77;5.878;536;6.414
02/05/2016;3.122,82;42.571,81;45.694,63;1.903,94;6.691;523;7.214
03/05/2016;3.198,65;44.776,11;47.974,76;1.998,95;10.236;199;10.435
04/05/2016;3.655,10;45.006,93;48.662,03;2.027,58;11.526;185;11.711
05/05/2016;3.002,32;46.184,05;49.186,37;2.049,43;9.840;189;10.029
06/05/2016;2.159,82;48.847,76;51.007,58;2.125,32;7.185;107;7.292
07/05/2016;2.332,50;48.652,16;50.984,66;2.124,36;6.694;305;6.999
08/05/2016;1.043,43;49.881,43;50.924,86;2.121,87;3.039;48;3.087
09/05/2016;1.527,22;48.991,55;50.518,77;2.104,95;5.300;34;5.334
10/05/2016;1.657,62;48.711,11;50.368,73;2.098,70;5.680;40;5.720
11/05/2016;1.999,48;47.894,96;49.894,44;2.078,94;7.063;44;7.107
12/05/2016;2.550,77;46.895,48;49.446,25;2.060,26;8.728;56;8.784
13/05/2016;2.381,63;47.123,68;49.505,31;2.062,72;8.197;80;8.277
14/05/2016;2.693,62;46.073,39;48.767,01;2.031,96;7.334;382;7.716
15/05/2016;3.077,72;44.963,40;48.041,12;2.001,71;7.473;523;7.996
16/05/2016;3.458,07;45.357,09;48.815,16;2.033,97;8.086;546;8.632
17/05/2016;3.245,88;45.582,48;48.828,36;2.034,52;10.507;267;10.774
18/05/2016;3.600,02;45.695,48;49.295,50;2.053,98;11.473;174;11.647
19/05/2016;3.622,98;45.737,52;49.360,50;2.056,69;11.776;136;11.912
20/05/2016;3.994,32;45.542,98;49.537,30;2.064,05;12.225;266;12.491
21/05/2016;3.896,40;44.867,70;48.764,10;2.031,84;10.360;565;10.925
22/05/2016;3.562,17;45.073,98;48.636,15;2.026,51;8.893;537;9.430
23/05/2016;3.278,90;43.203,55;46.482,45;1.936,77;10.139;244;10.383
24/05/2016;3.412,47;45.221,56;48.634,03;2.026,42;10.931;143;11.074
25/05/2016;3.319,12;45.515,63;48.834,75;2.034,78;10.939;169;11.108
26/05/2016;3.664,58;45.559,22;49.223,80;2.050,99;11.920;226;12.146
27/05/2016;3.958,07;45.336,83;49.294,90;2.053,95;12.026;285;12.311
28/05/2016;2.508,33;45.837,78;48.346,11;2.014,42;7.365;288;7.653
29/05/2016;2.720,17;44.394,60;47.114,77;1.963,12;7.605;407;8.012
30/05/2016;3.128,93;45.007,45;48.136,38;2.005,68;10.218;227;10.445
31/05/2016;3.360,73;43.944,90;47.305,63;1.971,07;11.014;165;11.179
01/06/2016;3.736,55;44.160,25;47.896,80;1.995,70;11.839;168;12.007
02/06/2016;3.671,55;44.792,00;48.463,55;2.019,31;12.078;179;12.257
03/06/2016;3.892,45;44.135,08;48.027,53;2.001,15;11.861;235;12.096
04/06/2016;3.606,88;44.977,17;48.584,05;2.024,34;9.605;454;10.059
05/06/2016;3.682,98;43.788,58;47.471,56;1.977,98;9.143;569;9.712
06/06/2016;3.689,05;45.202,46;48.891,51;2.037,15;11.201;248;11.449
07/06/2016;3.837,42;45.641,07;49.478,49;2.061,60;12.196;204;12.400
08/06/2016;3.994,72;44.448,23;48.442,95;2.018,46;12.846;201;13.047
09/06/2016;3.970,52;43.938,82;47.909,34;1.996,22;12.615;227;12.842
10/06/2016;4.184,70;42.666,88;46.851,58;1.952,15;12.882;299;13.181
11/06/2016;3.538,73;43.051,85;46.590,58;1.941,27;9.684;439;10.123
12/06/2016;3.463,90;43.135,19;46.599,09;1.941,63;8.948;401;9.349
13/06/2016;3.607,75;43.986,68;47.594,43;1.983,10;11.558;149;11.707
14/06/2016;3.949,87;44.237,23;48.187,10;2.007,80;12.357;136;12.493
15/06/2016;3.450,78;45.900,30;49.351,08;2.056,30;11.266;113;11.379
16/06/2016;3.246,17;46.142,65;49.388,82;2.057,87;10.820;81;10.901
17/06/2016;3.473,90;44.731,83;48.205,73;2.008,57;11.401;130;11.531
18/06/2016;3.365,53;44.708,50;48.074,03;2.003,08;8.934;350;9.284
19/06/2016;3.178,35;43.675,42;46.853,77;1.952,24;8.268;305;8.573
20/06/2016;3.548,37;44.327,75;47.876,12;1.994,84;11.249;112;11.361
21/06/2016;3.781,18;44.109,46;47.890,64;1.995,44;12.163;134;12.297
22/06/2016;4.004,10;43.688,10;47.692,20;1.987,18;12.632;152;12.784
23/06/2016;4.041,80;44.328,08;48.369,88;2.015,41;12.626;169;12.795
24/06/2016;4.038,07;44.487,45;48.525,52;2.021,90;12.167;235;12.402
25/06/2016;3.301,15;45.072,90;48.374,05;2.015,59;8.780;408;9.188
26/06/2016;3.194,28;44.246,41;47.440,69;1.976,70;8.505;335;8.840
27/06/2016;3.578,08;43.993,68;47.571,76;1.982,16;11.336;199;11.535
28/06/2016;3.816,05;43.736,72;47.552,77;1.981,37;12.044;138;12.182
29/06/2016;3.902,82;44.011,83;47.914,65;1.996,44;12.554;155;12.709
30/06/2016;4.158,33;43.693,25;47.851,58;1.993,82;12.954;147;13.101
01/07/2016;3.759,95;43.357,08;47.117,03;1.963,21;11.751;155;11.906
02/07/2016;3.074,52;42.885,58;45.960,10;1.915,00;8.518;298;8.816
03/07/2016;3.032,27;39.236,23;42.268,50;1.761,19;7.942;360;8.302
04/07/2016;3.555,62;41.880,57;45.436,19;1.893,17;10.510;253;10.763
05/07/2016;3.870,22;42.589,77;46.459,99;1.935,83;12.182;152;12.334
06/07/2016;3.782,77;42.987,65;46.770,42;1.948,77;11.969;160;12.129
07/07/2016;3.746,08;43.011,45;46.757,53;1.948,23;11.705;167;11.872
08/07/2016;3.706,93;42.684,93;46.391,86;1.932,99;11.306;183;11.489
09/07/2016;3.145,53;44.255,65;47.401,18;1.975,05;8.219;328;8.547
10/07/2016;2.761,62;42.895,33;45.656,95;1.902,37;7.298;340;7.638
11/07/2016;3.571,67;44.052,90;47.624,57;1.984,36;11.064;137;11.201
12/07/2016;3.912,67;43.740,25;47.652,92;1.985,54;12.189;152;12.341
13/07/2016;3.922,52;42.480,93;46.403,45;1.933,48;12.631;180;12.811
14/07/2016;3.893,85;41.579,93;45.473,78;1.894,74;12.030;196;12.226
15/07/2016;3.622,85;42.342,21;45.965,06;1.915,21;11.029;188;11.217
16/07/2016;2.886,67;43.458,78;46.345,45;1.931,06;7.663;357;8.020
17/07/2016;2.799,63;41.941,13;44.740,76;1.864,20;7.095;266;7.361
18/07/2016;3.341,35;42.835,08;46.176,43;1.924,02;10.271;174;10.445
19/07/2016;3.704,30;42.008,33;45.712,63;1.904,69;11.373;167;11.540
20/07/2016;3.644,22;42.370,65;46.014,87;1.917,29;11.418;198;11.616
21/07/2016;3.691,57;43.171,21;46.862,78;1.952,62;11.702;143;11.845
22/07/2016;3.439,37;43.122,53;46.561,90;1.940,08;10.151;212;10.363
23/07/2016;2.563,93;44.711,83;47.275,76;1.969,82;6.206;302;6.508
24/07/2016;2.309,60;43.985,83;46.295,43;1.928,98;5.611;301;5.912
25/07/2016;2.496,93;45.882,92;48.379,85;2.015,83;6.055;215;6.270
26/07/2016;3.395,60;45.178,95;48.574,55;2.023,94;10.198;143;10.341
27/07/2016;3.593,12;44.470,35;48.063,47;2.002,64;10.940;145;11.085
28/07/2016;3.656,30;43.886,92;47.543,22;1.980,97;11.128;151;11.279
29/07/2016;3.493,87;44.625,25;48.119,12;2.004,96;10.110;175;10.285
30/07/2016;2.597,13;46.098,28;48.695,41;2.028,98;7.006;195;7.201
31/07/2016;2.776,80;44.666,83;47.443,63;1.976,82;6.715;294;7.009
01/08/2016;2.989,30;45.776,03;48.765,33;2.031,89;8.622;187;8.809
02/08/2016;3.038,27;45.217,80;48.256,07;2.010,67;8.891;184;9.075
03/08/2016;3.248,42;45.030,87;48.279,29;2.011,64;9.373;204;9.577
04/08/2016;3.144,43;45.118,52;48.262,95;2.010,96;9.280;176;9.456
05/08/2016;2.931,65;44.923,30;47.854,95;1.993,96;8.369;191;8.560
06/08/2016;2.384,70;45.531,81;47.916,51;1.996,52;5.755;258;6.013
07/08/2016;2.383,03;44.271,48;46.654,51;1.943,94;5.398;263;5.661
08/08/2016;2.508,63;45.789,50;48.298,13;2.012,42;7.322;203;7.525
09/08/2016;2.622,38;45.374,51;47.996,89;1.999,87;7.712;168;7.880
10/08/2016;2.759,55;44.321,75;47.081,30;1.961,72;7.958;176;8.134
11/08/2016;2.865,90;45.179,97;48.045,87;2.001,91;7.917;242;8.159
12/08/2016;2.757,27;46.005,03;48.762,30;2.031,76;6.981;274;7.255
13/08/2016;2.228,58;46.737,56;48.966,14;2.040,26;5.006;313;5.319
14/08/2016;2.308,48;44.966,38;47.274,86;1.969,79;4.670;446;5.116
15/08/2016;2.306,70;47.349,73;49.656,43;2.069,02;4.900;350;5.250
16/08/2016;2.708,52;45.883,83;48.592,35;2.024,68;7.281;248;7.529
17/08/2016;2.801,55;45.514,81;48.316,36;2.013,18;7.684;222;7.906
18/08/2016;2.858,50;45.896,96;48.755,46;2.031,48;7.938;248;8.186
19/08/2016;2.715,62;46.838,40;49.554,02;2.064,75;7.511;232;7.743
20/08/2016;2.512,25;47.385,75;49.898,00;2.079,08;5.734;316;6.050
21/08/2016;2.491,67;45.715,25;48.206,92;2.008,62;5.559;346;5.905
22/08/2016;2.944,42;47.627,01;50.571,43;2.107,14;8.074;175;8.249
23/08/2016;3.006,45;46.914,81;49.921,26;2.080,05;8.486;208;8.694
24/08/2016;3.145,97;46.965,30;50.111,27;2.087,97;9.022;189;9.211
25/08/2016;3.221,47;46.595,05;49.816,52;2.075,69;8.997;264;9.261
26/08/2016;3.005,93;46.368,23;49.374,16;2.057,26;8.347;201;8.548
27/08/2016;2.830,50;45.989,36;48.819,86;2.034,16;6.995;335;7.330
28/08/2016;2.833,17;44.166,97;47.000,14;1.958,34;6.440;323;6.763
29/08/2016;3.111,72;47.334,05;50.445,77;2.101,91;9.150;143;9.293
30/08/2016;3.330,43;45.724,22;49.054,65;2.043,94;10.101;102;10.203
31/08/2016;3.587,40;45.511,15;49.098,55;2.045,77;10.620;140;10.760
01/09/2016;3.540,80;44.650,98;48.191,78;2.007,99;10.902;103;11.005
02/09/2016;3.676,35;44.232,62;47.908,97;1.996,21;10.929;133;11.062
03/09/2016;3.183,57;44.825,12;48.008,69;2.000,36;8.299;301;8.600
04/09/2016;3.097,63;42.711,20;45.808,83;1.908,70;7.918;326;8.244
05/09/2016;3.363,28;43.966,85;47.330,13;1.972,09;10.457;122;10.579
06/09/2016;3.615,83;42.922,96;46.538,79;1.939,12;10.900;113;11.013
07/09/2016;3.689,58;42.625,33;46.314,91;1.929,79;11.180;79;11.259
08/09/2016;3.769,20;42.719,27;46.488,47;1.937,02;11.271;124;11.395
09/09/2016;3.840,80;42.690,03;46.530,83;1.938,78;10.818;143;10.961
10/09/2016;3.155,25;42.684,18;45.839,43;1.909,98;7.986;322;8.308
11/09/2016;3.135,48;40.164,53;43.300,01;1.804,17;7.561;254;7.815
12/09/2016;3.197,17;41.799,83;44.997,00;1.874,88;9.547;138;9.685
13/09/2016;2.608,62;41.751,40;44.360,02;1.848,33;8.038;68;8.106
14/09/2016;3.130,43;42.827,35;45.957,78;1.914,91;9.250;119;9.369
15/09/2016;3.557,27;42.388,03;45.945,30;1.914,39;9.822;111;9.933
16/09/2016;3.419,32;41.613,33;45.032,65;1.876,36;9.489;151;9.640
17/09/2016;2.900,40;41.457,53;44.357,93;1.848,25;7.231;223;7.454
18/09/2016;2.943,95;39.825,80;42.769,75;1.782,07;6.608;298;6.906
19/09/2016;2.853,03;41.355,93;44.208,96;1.842,04;7.927;102;8.029
20/09/2016;3.044,22;39.766,75;42.810,97;1.783,79;8.729;79;8.808
21/09/2016;3.123,57;39.353,33;42.476,90;1.769,87;8.844;61;8.905
22/09/2016;3.193,15;39.421,97;42.615,12;1.775,63;9.017;94;9.111
23/09/2016;2.886,17;38.541,71;41.427,88;1.726,16;8.376;97;8.473
24/09/2016;2.660,00;36.838,30;39.498,30;1.645,76;6.482;256;6.738
25/09/2016;2.629,27;32.760,06;35.389,33;1.474,56;5.744;251;5.995
26/09/2016;2.246,87;32.013,27;34.260,14;1.427,51;6.235;96;6.331
27/09/2016;2.727,80;34.602,53;37.330,33;1.555,43;7.711;63;7.774
28/09/2016;2.858,55;36.441,75;39.300,30;1.637,51;8.287;66;8.353
29/09/2016;3.043,12;37.223,68;40.266,80;1.677,78;8.435;76;8.511
30/09/2016;3.176,85;39.455,85;42.632,70;1.776,36;8.666;130;8.796
01/10/2016;2.945,53;39.120,90;42.066,43;1.752,77;7.095;278;7.373
02/10/2016;3.165,25;36.469,40;39.634,65;1.651,44;6.776;364;7.140
03/10/2016;2.806,63;39.039,35;41.845,98;1.743,58;7.939;91;8.030
04/10/2016;3.096,10;38.789,58;41.885,68;1.745,24;8.591;75;8.666
05/10/2016;2.924,67;36.514,25;39.438,92;1.643,29;8.769;51;8.820
06/10/2016;3.141,40;38.471,41;41.612,81;1.733,87;9.075;87;9.162
07/10/2016;3.233,45;39.731,57;42.965,02;1.790,21;8.685;154;8.839
08/10/2016;2.943,97;39.950,51;42.894,48;1.787,27;6.880;347;7.227
09/10/2016;2.618,65;38.837,70;41.456,35;1.727,35;6.069;336;6.405
10/10/2016;2.514,57;38.568,55;41.083,12;1.711,80;7.264;110;7.374
11/10/2016;2.785,22;38.464,18;41.249,40;1.718,73;7.991;81;8.072
12/10/2016;1.068,15;26.979,51;28.047,66;1.168,65;2.717;22;2.739
13/10/2016;1596,13;36.994,20;38.590,33;1607,93;4.475;35;4.510
14/10/2016;2.266,23;35.503,70;37.769,93;1.573,75;6.129;49;6.178
15/10/2016;2.097,00;34.349,06;36.446,06;1.518,59;5.144;144;5.288
16/10/2016;1.964,38;29.788,70;31.753,08;1.323,05;4.368;180;4.548
17/10/2016;1.924,73;33.660,22;35.584,95;1.482,71;5.102;70;5.172
18/10/2016;2.040,73;32.851,78;34.892,51;1.453,85;6.218;44;6.262
19/10/2016;1.489,58;30.990,73;32.480,31;1.353,35;4.290;17;4.307
20/10/2016;1.531,13;30.109,87;31.641,00;1.318,38;3.878;14;3.892
21/10/2016;2.020,38;28.008,53;30.028,91;1.251,20;5.609;68;5.677
22/10/2016;1.022,88;27.607,66;28.630,54;1.192,94;2.604;43;2.647
23/10/2016;703,52;22.810,38;23.513,90;979,75;1.908;36;1.944
24/10/2016;1.388,43;24.600,00;25.988,43;1.082,85;3.799;32;3.831
25/10/2016;1.675,98;25.324,92;27.000,90;1.125,04;5.031;36;5.067
26/10/2016;2.156,35;25.390,81;27.547,16;1.147,80;5.908;59;5.967
27/10/2016;2.125,02;25.553,11;27.678,13;1.153,26;5.982;73;6.055
28/10/2016;2.045,92;25.769,92;27.815,84;1.158,99;5.541;62;5.603
29/10/2016;1.945,07;24.208,45;26.153,52;1.089,73;4.389;186;4.575
30/10/2016;1.890,25;20.316,50;22.206,75;888,27;3.611;254;3.865
31/10/2016;1.956,18;22.287,10;24.243,28;1.010,14;4.701;117;4.818
01/11/2016;1.872,42;24.301,80;26.174,22;1.090,59;4.226;166;4.392
02/11/2016;1.885,10;21.219,03;23.104,13;962,67;4.867;42;4.909
03/11/2016;2.275,72;24.914,03;27.189,75;1.132,91;6.139;58;6.197
04/11/2016;1.166,10;27.152,66;28.318,76;1.179,95;2.947;18;2.965
05/11/2016;952,38;28.032,61;28.984,99;1.207,71;2.166;19;2.185
06/11/2016;1.697,77;17.353,71;19.051,48;793,81;3.673;122;3.795
07/11/2016;1.779,38;26.673,65;28.453,03;1.185,54;4.555;56;4.611
08/11/2016;2.045,67;27.895,98;29.941,65;1.247,57;5.519;45;5.564
09/11/2016;1.458,80;26.846,10;28.304,90;1.179,37;3.512;58;3.570
10/11/2016;2.059,87;25.625,33;27.685,20;1.153,55;5.542;50;5.592
11/11/2016;2.195,15;26.023,13;28.218,28;1.175,76;5.774;67;5.841
12/11/2016;1.850,67;25.061,81;26.912,48;1.121,35;4.465;121;4.586
13/11/2016;1.889,02;24.862,75;26.751,77;1.114,66;4.266;143;4.409
14/11/2016;1.793,17;25.689,70;27.482,87;1.145,12;5.133;35;5.168
15/11/2016;1.864,50;25.375,63;27.240,13;1.135,01;5.137;57;5.194
16/11/2016;2.085,55;24.096,85;26.182,40;1.090,93;5.440;40;5.480
17/11/2016;2.234,20;24.442,53;26.676,73;1.111,53;5.765;39;5.804
18/11/2016;2.201,60;25.993,53;28.195,13;1.174,80;5.859;67;5.926
19/11/2016;1.904,37;26.077,60;27.981,97;1.165,92;4.556;183;4.739
20/11/2016;786,88;27.207,93;27.994,81;1.166,45;1.493;22;1.515
21/11/2016;1.377,20;27.163,08;28.540,28;1.189,18;4.138;25;4.163
22/11/2016;1.678,80;27.601,83;29.280,63;1.220,03;4.844;12;4.856
23/11/2016;1.533,53;27.159,60;28.693,13;1.195,55;4.274;6;4.280
24/11/2016;1.915,75;28.180,13;30.095,88;1.254,00;5.140;2;5.142
25/11/2016;1.097,92;30.423,71;31.521,63;1.313,40;2.709;0;2.709
26/11/2016;745,33;30.107,71;30.853,04;1.285,54;1.729;0;1.729
27/11/2016;714;29.748,05;30.462,05;1.269,25;1.742;0;1.742
28/11/2016;1.715,08;29.976,28;31.691,36;1.320,47;5.186;0;5.186
29/11/2016;1.810,37;31.122,66;32.933,03;1.372,21;5.168;0;5.168
30/11/2016;2.178,20;31.052,58;33.230,78;1.384,62;5.958;33;5.991
01/12/2016;2.119,35;31.320,42;33.439,77;1.393,32;6.191;7;6.198
02/12/2016;2.411,83;31.872,53;34.284,36;1.428,52;6.512;45;6.557
03/12/2016;1.914,73;32.252,57;34.167,30;1.423,64;4.622;173;4.795
04/12/2016;861,22;33.515,90;34.377,12;1.432,38;1.932;26;1.958
05/12/2016;1.875,22;33.071,00;34.946,22;1.456,09;5.256;67;5.323
06/12/2016;2.132,92;32.708,10;34.841,02;1.451,71;4.891;191;5.082
07/12/2016;2.228,80;32.720,03;34.948,83;1.456,20;5.970;61;6.031
08/12/2016;1.990,55;33.506,53;35.497,08;1.479,05;4.443;117;4.560
09/12/2016;1.990,67;33.610,45;35.601,12;1.483,38;5.341;82;5.423
10/12/2016;2.131,38;33.736,38;35.867,76;1.494,49;4.805;206;5.011
11/12/2016;1.785,57;34.560,26;36.345,83;1.514,41;4.370;133;4.503
12/12/2016;1.912,03;34.975,80;36.887,83;1.536,99;5.636;30;5.666
13/12/2016;2.041,05;34.295,76;36.336,81;1.514,03;5.792;25;5.817
14/12/2016;1.758,03;33.992,43;35.750,46;1.489,60;5.178;15;5.193
15/12/2016;1.517,17;34.640,20;36.157,37;1.506,56;4.252;15;4.267
16/12/2016;1.396,42;35.465,57;36.861,99;1.535,92;4.169;14;4.183
17/12/2016;2.084,80;34.133,58;36.218,38;1.509,10;5.658;117;5.775
18/12/2016;1.753,17;34.566,83;36.320,00;1.513,33;4.617;111;4.728
19/12/2016;1.964,68;34.917,58;36.882,26;1.536,76;5.715;53;5.768
20/12/2016;2.088,77;35.028,25;37.117,02;1.546,54;6.150;50;6.200
21/12/2016;2.288,02;34.257,62;36.545,64;1.522,74;6.698;67;6.765
22/12/2016;2.308,17;33.792,77;36.100,94;1.504,21;6.667;46;6.713
23/12/2016;2.093,95;33.470,97;35.564,92;1.481,87;5.949;102;6.051
24/12/2016;1.252,28;34.353,45;35.605,73;1.483,57;3.264;87;3.351
25/12/2016;868,78;34.243,01;35.111,79;1.462,99;1.911;116;2.027
26/12/2016;1.349,12;32.997,38;34.346,50;1.431,10;2.992;130;3.122
27/12/2016;1.906,47;32.687,98;34.594,45;1.441,44;4.794;159;4.953
28/12/2016;1.927,58;33.501,08;35.428,66;1.476,19;5.177;246;5.423
29/12/2016;2.015,72;33.629,01;35.644,73;1.485,20;5.550;211;5.761
30/12/2016;1.909,67;34.206,93;36.116,60;1.504,86;4.972;208;5.180
31/12/2016;1.076,63;35.096,58;36.173,21;1.507,22;2.696;103;2.799
01/01/2017;832,8;34.549,78;35.382,58;1.474,27;1.760;132;1.892
02/01/2017;1.169,08;35.174,15;36.343,23;1.514,30;3.297;116;3.413
03/01/2017;1.623,75;34.968,90;36.592,65;1.524,69;4.500;156;4.656
04/01/2017;1.871,85;34.729,20;36.601,05;1.525,04;5.202;161;5.363
05/01/2017;1.750,18;36.261,92;38.012,10;1.583,84;5.077;118;5.195
06/01/2017;1.287,22;35.485,10;36.772,32;1.532,18;2.934;161;3.095
07/01/2017;1.444,12;36.311,60;37.755,72;1.573,16;4.029;111;4.140
08/01/2017;1.317,80;36.808,50;38.126,30;1.588,60;3.744;97;3.841
09/01/2017;1.711,38;37.006,21;38.717,59;1.613,23;5.678;76;5.754
10/01/2017;1.859,65;37.429,87;39.289,52;1.637,06;6.206;54;6.260
11/01/2017;2.048,08;37.537,22;39.585,30;1.649,39;6.960;54;7.014
12/01/2017;2.100,75;37.269,08;39.369,83;1.640,41;6.773;77;6.850
13/01/2017;2.175,40;37.148,00;39.323,40;1.638,48;6.743;105;6.848
14/01/2017;1.789,53;37.248,80;39.038,33;1.626,60;5.080;149;5.229
15/01/2017;1.521,90;37.709,12;39.231,02;1.634,63;4.215;137;4.352
16/01/2017;1.797,03;38.034,43;39.831,46;1.659,64;6.026;54;6.080
17/01/2017;1.774,18;38.930,08;40.704,26;1.696,01;5.953;34;5.987
18/01/2017;1.603,33;39.249,25;40.852,58;1.702,19;5.314;47;5.361
19/01/2017;1.484,75;38.602,31;40.087,06;1.670,29;5.079;54;5.133
20/01/2017;1.519,98;38.599,87;40.119,85;1.671,66;5.243;55;5.298
21/01/2017;1.577,77;38.914,41;40.492,18;1.687,17;4.547;119;4.666
22/01/2017;1.285,47;38.854,30;40.139,77;1.672,49;3.992;96;4.088
23/01/2017;1.592,10;38.585,45;40.177,55;1.674,06;5.760;35;5.795
24/01/2017;1.838,13;38.770,48;40.608,61;1.692,03;6.502;25;6.527
25/01/2017;1.823,75;38.373,73;40.197,48;1.674,90;6.421;37;6.458
26/01/2017;1.753,87;38.632,30;40.386,17;1.682,76;6.181;17;6.198
27/01/2017;1.125,97;39.324,73;40.450,70;1.685,45;4.038;10;4.048
28/01/2017;1.485,77;39.708,63;41.194,40;1.716,43;4.477;141;4.618
29/01/2017;903,25;40.799,45;41.702,70;1.737,61;2.863;52;2.915
30/01/2017;1.482,37;40.314,48;41.796,85;1.741,54;5.429;67;5.496
31/01/2017;1.855,40;39.726,58;41.581,98;1.732,58;6.741;45;6.786
01/02/2017;1.743,52;40.045,33;41.788,85;1.741,20;6.238;53;6.291
02/02/2017;1.408,53;40.727,10;42.135,63;1.755,65;5.164;39;5.203
03/02/2017;1.559,25;40.893,03;42.452,28;1.768,85;5.573;49;5.622
04/02/2017;1.173,80;41.439,93;42.613,73;1.775,57;4.092;74;4.166
05/02/2017;1.289,30;41.276,29;42.565,59;1.773,57;3.960;97;4.057
06/02/2017;1.796,70;40.889,25;42.685,95;1.778,58;6.596;49;6.645
07/02/2017;1.622,90;40.733,03;42.355,93;1.764,83;6.087;19;6.106
08/02/2017;1.941,78;39.925,78;41.867,56;1.744,48;7.146;19;7.165
09/02/2017;1.904,18;40.028,30;41.932,48;1.747,19;7.008;42;7.050
10/02/2017;1.348,02;40.420,68;41.768,70;1.740,36;4.641;18;4.659
11/02/2017;729,4;41.431,70;42.161,10;1.756,71;2.475;27;2.502
12/02/2017;565,4;41.878,86;42.444,26;1.768,51;1.924;14;1.938
13/02/2017;1.472,47;41.459,43;42.931,90;1.788,83;5.527;36;5.563
14/02/2017;1.892,88;40.952,63;42.845,51;1.785,23;6.978;82;7.060
15/02/2017;2.150,70;40.493,10;42.643,80;1.776,83;7.571;93;7.664
16/02/2017;2.061,10;40.599,15;42.660,25;1.777,51;7.507;107;7.614
17/02/2017;2.165,30;40.642,92;42.808,22;1.783,68;7.241;141;7.382
18/02/2017;1.953,87;40.268,27;42.222,14;1.759,26;5.624;222;5.846
19/02/2017;1.970,02;40.502,91;42.472,93;1.769,71;4.995;325;5.320
20/02/2017;1.978,20;40.737,07;42.715,27;1.779,80;7.058;104;7.162
21/02/2017;2.143,98;40.594,58;42.738,56;1.780,77;7.556;118;7.674
22/02/2017;2.265,53;40.105,65;42.371,18;1.765,47;8.008;97;8.105
23/02/2017;1.998,77;40.275,94;42.274,71;1.761,45;7.083;99;7.182
24/02/2017;2.440,63;40.098,08;42.538,71;1.772,45;8.241;144;8.385
25/02/2017;2.408,73;40.048,62;42.457,35;1.769,06;6.264;397;6.661
26/02/2017;1.966,78;40.694,71;42.661,49;1.777,56;5.407;326;5.733
27/02/2017;2.053,27;41.062,57;43.115,84;1.796,49;7.049;174;7.223
28/02/2017;2.034,60;40.968,96;43.003,56;1.791,82;7.535;100;7.635
01/03/2017;2.313,22;40.796,71;43.109,93;1.796,25;8.353;81;8.434
02/03/2017;1.918,48;41.242,01;43.160,49;1.798,35;6.835;106;6.941
03/03/2017;1.517,27;42.019,93;43.537,20;1.814,05;5.410;47;5.457
04/03/2017;1.603,10;42.433,21;44.036,31;1.834,85;5.071;159;5.230
05/03/2017;1.507,83;42.537,52;44.045,35;1.835,22;4.611;164;4.775
06/03/2017;2.124,28;41.770,10;43.894,38;1.828,93;7.905;48;7.953
07/03/2017;2.398,55;40.995,35;43.393,90;1.808,08;8.767;79;8.846
08/03/2017;2.712,67;40.149,46;42.862,13;1.785,92;9.517;101;9.618
09/03/2017;2.873,80;39.658,26;42.532,06;1.772,17;9.752;107;9.859
10/03/2017;3.022,82;39.678,10;42.700,92;1.779,21;9.827;206;10.033
11/03/2017;2.836,02;39.310,53;42.146,55;1.756,11;7.473;437;7.910
12/03/2017;2.320,43;39.780,76;42.101,19;1.754,22;6.134;376;6.510
13/03/2017;1.905,47;41.499,43;43.404,90;1.808,54;7.110;95;7.205
14/03/2017;2.193,42;40.483,90;42.677,32;1.778,22;8.408;83;8.491
15/03/2017;2.604,72;39.386,27;41.990,99;1.749,62;9.376;124;9.500
16/03/2017;2.797,27;38.544,47;41.341,74;1.722,57;9.654;128;9.782
17/03/2017;2.523,17;38.290,91;40.814,08;1.700,59;8.363;147;8.510
18/03/2017;2.386,08;37.908,13;40.294,21;1.678,93;5.929;443;6.372
19/03/2017;2.287,23;37.905,13;40.192,36;1.674,68;5.390;491;5.881
20/03/2017;2.435,03;38.012,77;40.447,80;1.685,33;5.859;419;6.278
21/03/2017;2.248,67;37.074,68;39.323,35;1.638,47;8.191;116;8.307
22/03/2017;1.677,05;37.416,75;39.093,80;1.628,91;6.174;30;6.204
23/03/2017;1.393,83;38.687,08;40.080,91;1.670,04;5.229;29;5.258
24/03/2017;1.610,32;38.412,75;40.023,07;1.667,63;5.634;57;5.691
25/03/2017;1.589,07;38.264,98;39.854,05;1.660,59;4.698;148;4.846
26/03/2017;1.531,60;38.446,53;39.978,13;1.738,18;4.641;166;4.807
27/03/2017;1.840,12;38.794,16;40.634,28;1.693,10;6.570;104;6.674
28/03/2017;2.413,42;37.734,27;40.147,69;1.672,82;8.501;92;8.593
29/03/2017;2.692,48;35.962,36;38.654,84;1.610,62;9.163;112;9.275
30/03/2017;2.753,02;34.983,62;37.736,64;1.572,36;9.451;136;9.587
31/03/2017;2.798,30;35.125,50;37.923,80;1.580,16;9.382;141;9.523
01/04/2017;2.621,78;35.132,90;37.754,68;1.573,11;6.999;379;7.378
02/04/2017;2.704,77;31.131,60;33.836,37;1.409,85;6.728;335;7.063
03/04/2017;2.406,87;34.300,20;36.707,07;1.529,46;8.280;160;8.440
04/04/2017;2.700,82;33.721,20;36.422,02;1.517,58;9.168;128;9.296
05/04/2017;2.609,47;33.965,83;36.575,30;1.523,97;8.949;112;9.061
06/04/2017;2.662,72;33.131,73;35.794,45;1.491,44;8.990;110;9.100
07/04/2017;2.746,97;33.630,63;36.377,60;1.515,73;8.972;154;9.126
08/04/2017;2.560,62;37.304,98;39.865,60;1.661,07;6.918;364;7.282
09/04/2017;2.666,17;34.976,03;37.642,20;1.568,43;6.261;450;6.711
10/04/2017;2.455,57;37.756,62;40.212,19;1.675,51;7.568;275;7.843
11/04/2017;2.469,90;36.748,86;39.218,76;1.634,12;7.690;289;7.979
12/04/2017;2.339,48;36.406,43;38.745,91;1.614,41;6.985;298;7.283
13/04/2017;1.926,43;36.583,16;38.509,59;1.604,57;4.233;368;4.601
14/04/2017;1.894,12;36.667,20;38.561,32;1.606,72;4.056;427;4.483
15/04/2017;1.973,50;37.214,28;39.187,78;1.632,82;4.300;602;4.902
16/04/2017;2.095,92;35.019,78;37.115,70;1.546,49;4.749;562;5.311
17/04/2017;2.722,52;37.683,38;40.405,90;1.683,58;8.555;382;8.937
18/04/2017;2.910,95;37.636,55;40.547,50;1.689,48;9.903;213;10.116
19/04/2017;2.615,47;38.023,73;40.639,20;1.693,30;9.258;161;9.419
20/04/2017;2.490,37;37.403,03;39.893,40;1.662,23;8.917;153;9.070
21/04/2017;2.970,40;36.797,20;39.767,60;1.656,98;9.973;206;10.179
22/04/2017;2.572,67;36.805,20;39.377,87;1.640,74;7.539;415;7.954
23/04/2017;3.217,70;33.499,55;36.717,25;1.529,89;8.654;582;9.236
24/04/2017;2.859,23;36.585,80;39.445,03;1.643,54;9.471;274;9.745
25/04/2017;2.335,80;36.549,03;38.884,83;1.620,20;8.227;106;8.333
26/04/2017;2.594,42;36.557,71;39.152,13;1.631,34;9.655;91;9.746
27/04/2017;2.396,98;37.856,28;40.253,26;1.677,22;8.753;61;8.814
28/04/2017;2.295,93;38.319,20;40.615,13;1.692,30;8.217;124;8.341
29/04/2017;1.061,70;39.726,28;40.787,98;1.699,50;3.229;115;3.344
30/04/2017;1.099,70;39.725,41;40.825,11;1.701,05;3.278;144;3.422
01/05/2017;2.085,45;39.270,08;41.355,53;1.723,15;4.831;393;5.224
02/05/2017;2.324,10;39.308,08;41.632,18;1.734,67;6.469;292;6.761
03/05/2017;2.725,88;39.159,56;41.885,44;1.745,23;9.867;132;9.999
04/05/2017;2.910,53;39.256,47;42.167,00;1.756,96;10.431;91;10.522
05/05/2017;2.455,00;39.087,90;41.542,90;1.730,95;9.076;103;9.179
06/05/2017;2.738,13;39.223,10;41.961,23;1.748,38;7.831;389;8.220
07/05/2017;3.025,47;38.765,73;41.791,20;1.741,30;8.151;423;8.574
08/05/2017;2.906,17;39.718,47;42.624,64;1.776,03;10.256;185;10.441
09/05/2017;3.110,60;38.763,35;41.873,95;1.744,75;10.918;206;11.124
10/05/2017;2.839,35;38.587,93;41.427,28;1.726,14;10.561;124;10.685
11/05/2017;1.894,30;40.857,48;42.751,78;1.781,32;7.067;54;7.121
12/05/2017;1.917,83;41.764,30;43.682,13;1.820,09;7.119;61;7.180
13/05/2017;2.506,32;43.206,48;45.712,80;1.904,70;7.024;322;7.346
14/05/2017;2.817,00;43.502,66;46.319,66;1.929,99;7.447;509;7.956
15/05/2017;2.919,13;43.622,73;46.541,86;1.939,24;7.756;448;8.204
16/05/2017;2.999,15;43.353,70;46.352,85;1.931,37;10.697;181;10.878
17/05/2017;3.146,98;43.145,08;46.292,06;1.928,84;11.177;139;11.316
18/05/2017;2.950,93;43.440,05;46.390,98;1.932,96;10.528;159;10.687
19/05/2017;3.308,90;43.283,53;46.592,43;1.941,35;11.251;210;11.461
20/05/2017;3.089,73;42.630,63;45.720,36;1.905,02;9.100;434;9.534
21/05/2017;2.776,25;42.092,92;44.869,17;1.869,55;7.958;401;8.359
22/05/2017;3.196,03;40.340,45;43.536,48;1.814,02;11.217;210;11.427
23/05/2017;3.266,87;40.719,08;43.985,95;1.832,75;11.596;224;11.820
24/05/2017;3.545,05;40.827,76;44.372,81;1.848,87;12.147;206;12.353
25/05/2017;3.610,40;40.667,42;44.277,82;1.844,91;12.458;281;12.739
26/05/2017;3.643,30;41.191,85;44.835,15;1.868,13;12.293;300;12.593
27/05/2017;3.490,38;40.776,98;44.267,36;1.844,47;10.031;586;10.617
28/05/2017;3.145,95;39.948,50;43.094,45;1.795,60;8.813;678;9.491
29/05/2017;3.241,02;40.378,43;43.619,45;1.817,48;11.396;235;11.631
30/05/2017;3.511,53;40.717,98;44.229,51;1.842,90;12.439;178;12.617
31/05/2017;3.640,95;39.872,88;43.513,83;1.813,08;12.787;185;12.972
01/06/2017;3.670,68;39.643,73;43.314,41;1.804,77;13.441;132;13.573
02/06/2017;3.528,30;39.196,58;42.724,88;1.780,20;12.453;198;12.651
03/06/2017;2.812,62;39.023,78;41.836,40;1.743,18;9.006;377;9.383
04/06/2017;3.036,38;37.507,50;40.543,88;1.689,33;9.051;267;9.318
05/06/2017;3.136,83;37.526,38;40.663,21;1.694,30;11.292;181;11.473
06/06/2017;3.485,40;37.629,02;41.114,42;1.713,10;12.306;176;12.482
07/06/2017;3.633,98;37.433,91;41.067,89;1.711,16;12.859;190;13.049
08/06/2017;3.646,08;39.675,60;43.321,68;1.805,07;13.115;211;13.326
09/06/2017;3.816,57;40.231,68;44.048,25;1.835,34;12.915;232;13.147
10/06/2017;3.182,58;40.584,55;43.767,13;1.823,63;9.813;402;10.215
11/06/2017;3.073,80;40.730,82;43.804,62;1.825,19;8.971;406;9.377
12/06/2017;3.321,20;39.934,60;43.255,80;1.802,33;11.664;226;11.890
13/06/2017;3.501,05;39.741,30;43.242,35;1.801,76;12.416;160;12.576
14/06/2017;3.543,75;40.601,05;44.144,80;1.839,37;13.009;114;13.123
15/06/2017;3.544,53;41.343,22;44.887,75;1.870,32;12.861;126;12.987
16/06/2017;3.464,58;41.357,26;44.821,84;1.867,58;12.229;159;12.388
17/06/2017;2.737,37;41.555,25;44.292,62;1.845,53;8.785;285;9.070
18/06/2017;2.529,27;41.606,45;44.135,72;1.838,99;7.711;205;7.916
19/06/2017;3.430,95;40.745,48;44.176,43;1.840,68;12.188;140;12.328
20/06/2017;3.370,52;41.279,10;44.649,62;1.860,40;12.397;127;12.524
21/06/2017;3.839,40;40.890,25;44.729,65;1.863,74;13.690;180;13.870
22/06/2017;3.802,15;40.690,78;44.492,93;1.853,87;13.706;192;13.898
23/06/2017;3.622,02;40.736,92;44.358,94;1.848,29;12.616;178;12.794
24/06/2017;2.821,25;41.341,88;44.163,13;1.840,13;8.937;351;9.288
25/06/2017;2.386,82;41.142,28;43.529,10;1.813,71;7.130;317;7.447
26/06/2017;3.236,55;39.955,90;43.192,45;1.799,69;11.537;162;11.699
27/06/2017;3.580,57;39.342,82;42.923,39;1.788,47;12.985;183;13.168
28/06/2017;3.640,05;38.678,87;42.318,92;1.763,29;13.013;186;13.199
29/06/2017;3.541,17;38.706,25;42.247,42;1.760,31;12.672;145;12.817
30/06/2017;3.412,12;39.165,83;42.577,95;1.774,08;11.515;185;11.700
01/07/2017;2.770,48;38.995,20;41.765,68;1.740,24;8.144;266;8.410
02/07/2017;2.648,33;37.454,08;40.102,41;1.670,93;7.337;305;7.642
03/07/2017;3.500,98;38.283,13;41.784,11;1.741,00;11.898;256;12.154
04/07/2017;3.560,70;39.793,49;43.354,19;1.806,42;12.690;214;12.904
05/07/2017;3.708,07;39.978,78;43.686,85;1.820,29;13.083;265;13.348
06/07/2017;1.716,47;41.430,34;43.146,81;1.797,78;6.129;69;6.198
07/07/2017;2.143,08;43.550,61;45.693,69;1.903,90;7.721;101;7.822
08/07/2017;2.455,47;43.916,52;46.371,99;1.932,17;7.588;315;7.903
09/07/2017;2.817,90;42.769,16;45.587,06;1.899,46;7.855;467;8.322
10/07/2017;3.361,28;42.216,21;45.577,49;1.899,06;11.681;289;11.970
11/07/2017;3.431,97;42.781,37;46.213,34;1.925,56;12.347;169;12.516
12/07/2017;3.420,38;42.383,30;45.803,68;1.908,49;12.593;162;12.755
13/07/2017;3.447,23;42.953,30;46.400,53;1.933,36;12.347;187;12.534
14/07/2017;3.128,25;43.486,58;46.614,83;1.942,28;11.208;186;11.394
15/07/2017;2.241,45;44.215,96;46.457,41;1.935,73;7.353;226;7.579
16/07/2017;2.300,22;43.732,68;46.032,90;1.918,04;7.244;306;7.550
17/07/2017;3.038,60;42.573,60;45.612,20;1.900,51;11.119;193;11.312
18/07/2017;3.323,03;41.982,85;45.305,88;1.887,75;11.831;166;11.997
19/07/2017;3.353,38;40.872,11;44.225,49;1.842,73;12.195;179;12.374
20/07/2017;3.416,87;40.781,85;44.198,72;1.841,61;12.433;177;12.610
21/07/2017;3.244,03;41.795,92;45.039,95;1.876,66;11.433;193;11.626
22/07/2017;2.499,57;42.654,48;45.154,05;1.881,42;7.682;378;8.060
23/07/2017;2.249,57;42.494,47;44.744,04;1.864,34;6.790;284;7.074
24/07/2017;2.950,38;42.801,90;45.752,28;1.906,35;10.948;136;11.084
25/07/2017;3.174,90;42.151,08;45.325,98;1.888,58;11.607;204;11.811
26/07/2017;3.253,13;41.564,63;44.817,76;1.867,41;12.057;135;12.192
27/07/2017;3.376,37;42.556,77;45.933,14;1.913,88;12.401;200;12.601
28/07/2017;3.267,77;42.982,75;46.250,52;1.927,11;11.344;219;11.563
29/07/2017;2.281,67;44.695,16;46.976,83;1.957,37;7.169;281;7.450
30/07/2017;2.212,03;44.614,78;46.826,81;1.951,12;6.481;292;6.773
31/07/2017;2.739,65;43.281,46;46.021,11;1.917,55;9.751;257;10.008
01/08/2017;2.841,32;42.917,07;45.758,39;1.906,60;9.928;177;10.105
02/08/2017;2.920,25;43.075,95;45.996,20;1.916,51;10.514;190;10.704
03/08/2017;2.838,65;42.866,05;45.704,70;1.904,36;10.219;199;10.418
04/08/2017;2.621,18;43.453,10;46.074,28;1.919,76;9.207;210;9.417
05/08/2017;2.036,40;44.751,90;46.788,30;1.949,51;6.235;223;6.458
06/08/2017;2.008,60;45.348,05;47.356,65;1.973,19;5.778;296;6.074
07/08/2017;2.455,17;44.960,24;47.415,41;1.975,64;8.548;193;8.741
08/08/2017;2.584,17;44.416,45;47.000,62;1.958,36;8.839;262;9.101
09/08/2017;2.580,27;44.142,30;46.722,57;1.946,77;8.761;216;8.977
10/08/2017;2.445,13;44.388,00;46.833,13;1.951,38;8.437;197;8.634
11/08/2017;2.318,08;44.332,17;46.650,25;1.943,76;7.573;272;7.845
12/08/2017;1.848,85;45.145,05;46.993,90;1.958,08;5.341;333;5.674
13/08/2017;1.934,48;45.242,90;47.177,38;1.965,72;4.973;462;5.435
14/08/2017;2.063,95;45.420,68;47.484,63;1.978,53;6.536;316;6.852
15/08/2017;1.984,75;45.580,13;47.564,88;1.981,87;5.781;316;6.097
16/08/2017;2.319,17;44.949,08;47.268,25;1.969,51;7.994;291;8.285
17/08/2017;2.376,80;44.249,63;46.626,43;1.942,77;8.465;277;8.742
18/08/2017;2.281,12;44.126,92;46.408,04;1.933,67;7.692;222;7.914
19/08/2017;1.882,53;44.477,48;46.360,01;1.931,67;5.766;328;6.094
20/08/2017;1.920,87;45.227,53;47.148,40;1.964,52;5.651;337;5.988
21/08/2017;947,27;28.704,71;29.651,98;1.235,50;3.692;23;3.715
22/08/2017;2.503,12;45.234,30;47.737,42;1.989,06;9.124;186;9.310
23/08/2017;2.633,83;44.774,35;47.408,18;1.975,34;9.426;212;9.638
24/08/2017;2.734,30;44.818,40;47.552,70;1.981,36;9.694;218;9.912
25/08/2017;2.595,08;44.935,23;47.530,31;1.980,43;9.107;237;9.344
26/08/2017;2.356,72;45.340,11;47.696,83;1.987,37;6.860;373;7.233
27/08/2017;2.076,68;39.782,93;41.859,61;1.744,15;6.346;349;6.695
28/08/2017;1.514,83;45.767,88;47.282,71;1.970,11;5.878;88;5.966
29/08/2017;2.825,33;44.796,45;47.621,78;1.984,24;10.209;235;10.444
30/08/2017;3.050,13;44.188,33;47.238,46;1.968,27;11.224;161;11.385
31/08/2017;3.322,97;43.823,63;47.146,60;1.964,44;12.064;154;12.218
01/09/2017;3.370,53;43.070,13;46.440,66;1.935,03;12.042;179;12.221
02/09/2017;2.842,77;42.984,10;45.826,87;1.909,45;8.727;446;9.173
03/09/2017;3.053,88;36.999,28;40.053,16;1.668,88;8.863;449;9.312
04/09/2017;3.551,35;41.261,47;44.812,82;1.867,20;12.386;261;12.647
05/09/2017;3.883,28;41.797,27;45.680,55;1.903,36;13.437;212;13.649
06/09/2017;3.776,25;41.255,11;45.031,36;1.876,31;14.052;232;14.284
07/09/2017;3.988,72;40.293,78;44.282,50;1.845,10;14.092;257;14.349
08/09/2017;3.984,78;39.968,45;43.953,23;1.831,38;13.481;325;13.806
09/09/2017;3.200,15;39.885,06;43.085,21;1.795,22;9.634;341;9.975
10/09/2017;3.150,93;39.639,95;42.790,88;1.782,95;8.958;427;9.385
11/09/2017;3.568,05;39.795,82;43.363,87;1.806,83;12.666;213;12.879
12/09/2017;3.748,87;39.776,30;43.525,17;1.813,55;13.674;166;13.840
13/09/2017;4.115,82;39.657,36;43.773,18;1.823,88;14.269;224;14.493
14/09/2017;3.995,40;41.263,75;45.259,15;1.885,80;14.288;196;14.484
15/09/2017;3.748,78;42.261,48;46.010,26;1.917,09;13.109;200;13.309
16/09/2017;3.092,58;43.628,25;46.720,83;1.946,70;9.434;386;9.820
17/09/2017;3.214,15;43.271,55;46.485,70;1.936,90;9.218;419;9.637
18/09/2017;3.322,68;42.840,45;46.163,13;1.923,46;12.353;156;12.509
19/09/2017;3.764,92;42.524,78;46.289,70;1.928,74;13.438;153;13.591
20/09/2017;3.882,05;42.158,43;46.040,48;1.918,35;14.130;198;14.328
21/09/2017;3.851,20;41.461,27;45.312,47;1.888,02;14.023;170;14.193
22/09/2017;3.837,45;41.655,81;45.493,26;1.895,55;13.325;305;13.630
23/09/2017;3.502,63;41.142,26;44.644,89;1.860,20;10.329;495;10.824
24/09/2017;3.314,55;41.798,97;45.113,52;1.879,73;9.904;499;10.403
25/09/2017;3.516,23;41.721,56;45.237,79;1.884,91;12.789;181;12.970
26/09/2017;3.791,05;41.451,50;45.242,55;1.885,11;13.612;209;13.821
27/09/2017;3.798,65;41.733,38;45.532,03;1.897,17;13.872;186;14.058
28/09/2017;3.973,77;41.844,73;45.818,50;1.909,10;14.228;212;14.440
29/09/2017;4.113,92;41.191,66;45.305,58;1.887,73;14.455;258;14.713
30/09/2017;3.657,20;40.273,35;43.930,55;1.830,44;11.151;474;11.625
01/10/2017;3.644,75;37.705,28;41.350,03;1.722,92;10.292;590;10.882
02/10/2017;3.585,78;36.914,65;40.500,43;1.687,52;13.104;204;13.308
03/10/2017;3.909,83;36.983,78;40.893,61;1.703,90;14.254;241;14.495
04/10/2017;3.939,13;37.604,40;41.543,53;1.730,98;14.474;156;14.630
05/10/2017;4.230,28;38.202,05;42.432,33;1.768,01;15.044;263;15.307
06/10/2017;4.134,07;38.092,35;42.226,42;1.759,43;14.563;239;14.802
07/10/2017;3.695,55;38.194,85;41.890,40;1.745,43;11.344;416;11.760
08/10/2017;3.600,02;37.274,65;40.874,67;1.703,11;10.601;497;11.098
09/10/2017;3.742,72;37.833,73;41.576,45;1.732,35;13.186;251;13.437
10/10/2017;3.711,08;39.815,68;43.526,76;1.813,62;13.659;140;13.799
11/10/2017;3.801,92;40.338,40;44.140,32;1.839,18;14.067;158;14.225
12/10/2017;3.322,30;40.769,82;44.092,12;1.837,17;10.097;396;10.493
13/10/2017;3.329,27;41.255,88;44.585,15;1.857,71;11.312;365;11.677
14/10/2017;3.080,00;41.206,45;44.286,45;1.845,27;9.223;587;9.810
15/10/2017;3.129,75;40.257,32;43.387,07;1.807,79;9.250;481;9.731
16/10/2017;3.478,02;40.732,97;44.210,99;1.842,12;12.837;208;13.045
17/10/2017;2.983,90;42.769,03;45.752,93;1.906,37;11.316;142;11.458
18/10/2017;1.615,08;44.966,26;46.581,34;1.940,89;6.339;38;6.377
19/10/2017;3.210,28;42.757,95;45.968,23;1.915,34;12.290;139;12.429
20/10/2017;3.705,17;42.156,08;45.861,25;1.910,89;13.326;149;13.475
21/10/2017;3.554,18;42.259,91;45.814,09;1.908,92;10.759;363;11.122
22/10/2017;3.451,77;41.907,03;45.358,80;1.889,95;10.423;459;10.882
